[
  { "prefix": "+225", "code": "CI", "name": "Côte d’Ivoire", "currency": "XOF", "currencySymbol": "CFA" },
  { "prefix": "+229", "code": "BJ", "name": "Benin", "currency": "XOF", "currencySymbol": "CFA" },
  { "prefix": "+226", "code": "BF", "name": "Burkina Faso", "currency": "XOF", "currencySymbol": "CFA" },
  { "prefix": "+223", "code": "ML", "name": "Mali", "currency": "XOF", "currencySymbol": "CFA" },
  { "prefix": "+227", "code": "NE", "name": "Niger", "currency": "XOF", "currencySymbol": "CFA" },
  { "prefix": "+228", "code": "TG", "name": "Togo", "currency": "XOF", "currencySymbol": "CFA" },
  { "prefix": "+221", "code": "SN", "name": "Senegal", "currency": "XOF", "currencySymbol": "CFA" },
  { "prefix": "+220", "code": "GM", "name": "Gambia", "currency": "GMD", "currencySymbol": "D" },
  { "prefix": "+231", "code": "LR", "name": "Liberia", "currency": "LRD", "currencySymbol": "$" },
  { "prefix": "+232", "code": "SL", "name": "Sierra Leone", "currency": "SLL", "currencySymbol": "Le" },
  { "prefix": "+224", "code": "GN", "name": "Guinea", "currency": "GNF", "currencySymbol": "FG" },
  { "prefix": "+245", "code": "GW", "name": "Guinea-Bissau", "currency": "XOF", "currencySymbol": "CFA" },
  { "prefix": "+234", "code": "NG", "name": "Nigeria", "currency": "NGN", "currencySymbol": "₦" },
  { "prefix": "+238", "code": "CV", "name": "Cabo Verde", "currency": "CVE", "currencySymbol": "$" },
  { "prefix": "+222", "code": "MR", "name": "Mauritania", "currency": "MRU", "currencySymbol": "UM" },

  { "prefix": "+1", "code": "US", "name": "United States", "currency": "USD", "currencySymbol": "$" },
  { "prefix": "+1", "code": "CA", "name": "Canada", "currency": "CAD", "currencySymbol": "C$" },
  { "prefix": "+86", "code": "CN", "name": "China", "currency": "CNY", "currencySymbol": "¥" },
  { "prefix": "+81", "code": "JP", "name": "Japan", "currency": "JPY", "currencySymbol": "¥" },
  { "prefix": "+49", "code": "DE", "name": "Germany", "currency": "EUR", "currencySymbol": "€" },
  { "prefix": "+44", "code": "GB", "name": "United Kingdom", "currency": "GBP", "currencySymbol": "£" },
  { "prefix": "+33", "code": "FR", "name": "France", "currency": "EUR", "currencySymbol": "€" },
  { "prefix": "+39", "code": "IT", "name": "Italy", "currency": "EUR", "currencySymbol": "€" },
  { "prefix": "+55", "code": "BR", "name": "Brazil", "currency": "BRL", "currencySymbol": "R$" },
  { "prefix": "+7", "code": "RU", "name": "Russia", "currency": "RUB", "currencySymbol": "₽" },
  { "prefix": "+91", "code": "IN", "name": "India", "currency": "INR", "currencySymbol": "₹" },
  { "prefix": "+82", "code": "KR", "name": "South Korea", "currency": "KRW", "currencySymbol": "₩" },
  { "prefix": "+34", "code": "ES", "name": "Spain", "currency": "EUR", "currencySymbol": "€" },
  { "prefix": "+61", "code": "AU", "name": "Australia", "currency": "AUD", "currencySymbol": "A$" },
  { "prefix": "+52", "code": "MX", "name": "Mexico", "currency": "MXN", "currencySymbol": "$" },
  { "prefix": "+31", "code": "NL", "name": "Netherlands", "currency": "EUR", "currencySymbol": "€" },
  { "prefix": "+41", "code": "CH", "name": "Switzerland", "currency": "CHF", "currencySymbol": "CHF" },
  { "prefix": "+46", "code": "SE", "name": "Sweden", "currency": "SEK", "currencySymbol": "kr" },
  { "prefix": "+47", "code": "NO", "name": "Norway", "currency": "NOK", "currencySymbol": "kr" },
  { "prefix": "+45", "code": "DK", "name": "Denmark", "currency": "DKK", "currencySymbol": "kr" },
  { "prefix": "+358", "code": "FI", "name": "Finland", "currency": "EUR", "currencySymbol": "€" },
  { "prefix": "+32", "code": "BE", "name": "Belgium", "currency": "EUR", "currencySymbol": "€" },
  { "prefix": "+43", "code": "AT", "name": "Austria", "currency": "EUR", "currencySymbol": "€" },
  { "prefix": "+353", "code": "IE", "name": "Ireland", "currency": "EUR", "currencySymbol": "€" },
  { "prefix": "+351", "code": "PT", "name": "Portugal", "currency": "EUR", "currencySymbol": "€" },
  { "prefix": "+30", "code": "GR", "name": "Greece", "currency": "EUR", "currencySymbol": "€" },
  { "prefix": "+48", "code": "PL", "name": "Poland", "currency": "PLN", "currencySymbol": "zł" },
  { "prefix": "+420", "code": "CZ", "name": "Czech Republic", "currency": "CZK", "currencySymbol": "Kč" },
  { "prefix": "+36", "code": "HU", "name": "Hungary", "currency": "HUF", "currencySymbol": "Ft" },
  { "prefix": "+40", "code": "RO", "name": "Romania", "currency": "RON", "currencySymbol": "lei" },
  { "prefix": "+971", "code": "AE", "name": "United Arab Emirates", "currency": "AED", "currencySymbol": "د.إ" },
  { "prefix": "+966", "code": "SA", "name": "Saudi Arabia", "currency": "SAR", "currencySymbol": "﷼" },
  { "prefix": "+20", "code": "EG", "name": "Egypt", "currency": "EGP", "currencySymbol": "E£" },
  { "prefix": "+27", "code": "ZA", "name": "South Africa", "currency": "ZAR", "currencySymbol": "R" },
  { "prefix": "+254", "code": "KE", "name": "Kenya", "currency": "KES", "currencySymbol": "KSh" },
  { "prefix": "+234", "code": "NG", "name": "Nigeria", "currency": "NGN", "currencySymbol": "₦" },
  { "prefix": "+233", "code": "GH", "name": "Ghana", "currency": "GHS", "currencySymbol": "GH₵" },
  { "prefix": "+212", "code": "MA", "name": "Morocco", "currency": "MAD", "currencySymbol": "د.م." },
  { "prefix": "+216", "code": "TN", "name": "Tunisia", "currency": "TND", "currencySymbol": "د.ت" },
  { "prefix": "+213", "code": "DZ", "name": "Algeria", "currency": "DZD", "currencySymbol": "د.ج" }
]





